{
  "metrics": {
    "retrieval_precision@5": 0.06666666666666667,
    "retrieval_recall@5": 0.3333333333333333,
    "retrieval_ndcg@5": 0.3333333333333333,
    "retrieval_precision@10": 0.10000000000000002,
    "retrieval_recall@10": 1.0,
    "retrieval_ndcg@10": 0.5340199971093208,
    "retrieval_mrr": 0.40740740740740744
  }
}