{
  "per_query": {
    "1": {
      "metrics": {
        "P@5": 0.2,
        "recall@5": 1.0,
        "ndcg@5": 1.0,
        "RR@5": 1.0,
        "P@10": 0.1,
        "recall@10": 1.0,
        "ndcg@10": 1.0,
        "RR@10": 1.0
      },
      "docs": [
        [
          "40",
          0.427713
        ],
        [
          "38",
          0.3882711
        ],
        [
          "104",
          0.35932702
        ],
        [
          "44",
          0.30902356
        ],
        [
          "2",
          0.3063665
        ],
        [
          "64",
          0.30634788
        ],
        [
          "60",
          0.30040544
        ],
        [
          "52",
          0.28334197
        ],
        [
          "63",
          0.28232276
        ],
        [
          "50",
          0.2710736
        ]
      ]
    },
    "2": {
      "metrics": {
        "P@5": 0.0,
        "recall@5": 0.0,
        "ndcg@5": 0.0,
        "RR@5": 0.0,
        "P@10": 0.1,
        "recall@10": 1.0,
        "ndcg@10": 0.3010299956639812,
        "RR@10": 0.1111111111111111
      },
      "docs": [
        [
          "44",
          0.5835512
        ],
        [
          "104",
          0.56724274
        ],
        [
          "60",
          0.5170096
        ],
        [
          "50",
          0.50987434
        ],
        [
          "52",
          0.5040253
        ],
        [
          "71",
          0.5003984
        ],
        [
          "2",
          0.48702192
        ],
        [
          "38",
          0.48367447
        ],
        [
          "1",
          0.48010254
        ],
        [
          "47",
          0.47058937
        ]
      ]
    },
    "3": {
      "metrics": {
        "P@5": 0.0,
        "recall@5": 0.0,
        "ndcg@5": 0.0,
        "RR@5": 0.0,
        "P@10": 0.1,
        "recall@10": 1.0,
        "ndcg@10": 0.3010299956639812,
        "RR@10": 0.1111111111111111
      },
      "docs": [
        [
          "44",
          0.6643603
        ],
        [
          "52",
          0.62542576
        ],
        [
          "38",
          0.61855054
        ],
        [
          "46",
          0.6088572
        ],
        [
          "60",
          0.5929265
        ],
        [
          "50",
          0.58280134
        ],
        [
          "76",
          0.5722272
        ],
        [
          "104",
          0.572044
        ],
        [
          "3",
          0.5658674
        ],
        [
          "47",
          0.56172115
        ]
      ]
    }
  },
  "per_k": {
    "5": {
      "precision@k": 0.06666666666666667,
      "recall@k": 0.3333333333333333,
      "ndcg@k": 0.3333333333333333,
      "mrr": 0.3333333333333333
    },
    "10": {
      "precision@k": 0.10000000000000002,
      "recall@k": 1.0,
      "ndcg@k": 0.5340199971093208,
      "mrr": 0.40740740740740744
    }
  }
}